SET NAMES UTF8;
DROP DATABASE IF EXISTS car;
CREATE DATABASE car CHARSET=UTF8;
USE car;
CREATE TABLE car_laptop(
	 lid INT PRIMARY KEY AUTO_INCREMENT,
	  family_id INT,              #所属型号家族编号
	  title VARCHAR(128),         #主标题
	  subtitle VARCHAR(128),      #副标题
	  price DECIMAL(10,2),        #价格
	  promise VARCHAR(64),        #服务承诺
	  spec VARCHAR(64),           #规格/颜色
	  lname VARCHAR(32),          #商品名称
	  category VARCHAR(32),       #所属分类
	  details VARCHAR(1024),      #产品详细说明
	
	  shelf_time BIGINT,          #上架时间
	  sold_count INT,             #已售出的数量
	  is_onsale BOOLEAN           #是否促销中
);

#创建保存汽车品牌家族分类表car_family
CREATE TABLE car_family(
 fid INT PRIMARY KEY AUTO_INCREMENT,
 fname VARCHAR(32)
 );

CREATE TABLE car_user(
  uid INT PRIMARY KEY AUTO_INCREMENT,
  uname VARCHAR(32),
  upwd VARCHAR(32),
  email VARCHAR(64),
  phone VARCHAR(16),

  avatar VARCHAR(128),        #头像图片路径
  user_name VARCHAR(32),      #用户名，如王小明
  gender INT                  #性别  0-女  1-男
);


INSERT INTO car_laptop VALUES
(NULL,1,'梅赛德斯GLC级 2020款奔驰GLC改款2.0T自动260 L 4MATIC动感型','奔驰GLC：就为清库存，降至33万怎么也不行!',394800,'在正常行驶范围内,行驶一万公里内或一年内免费修理,超过一年,只收取零件费','2.0L / 197马力 / 直列4缸 /9档 / 手自一体','梅赛德斯GLC级2020款','GLC级','技术规格请前往https://www.mercedes-benz.com.cn/vehicles/suv/glc-coupe.html 查看完整内容','2020-02-03',200,1);
INSERT INTO car_laptop VALUES
(NULL,2,'沃兰多轻混530T','呈现突破想象的动感',114900,'车载APP定向流量100G/年','海崖灰','沃兰多','劲享版','全新一代Ecotec双喷射涡轮增压发动机','2020-01-01',300,1);
INSERT INTO car_laptop VALUES
(NULL,2,'开拓者RS智能四驱','将犀利动感开拓成过目难忘',289900,'动力总成核心部件原厂质保服务','火山红','开拓者','尚版','第八代Ecotec2.0T智能变缸涡轮发动机','2020-02-02',400,1);
INSERT INTO car_laptop VALUES
(NULL,2,'创界RS夏日冲浪店官方指定','用红色引燃激情用速度追逐自由','139900','集成车载WiFi不定向流量','天空蓝','创界RS','劲享版','全新一代Ecotec双喷射涡轮增压发动机','2020-03-10',500,1);
INSERT INTO car_laptop VALUES
(NULL,2,'畅巡满电上市','创出新品质更添精彩',159900,'三电系统质保','镁蓝','畅巡','星享版','航天级纳米温控气凝胶','2020-5-18',600,1);
INSERT INTO car_laptop VALUES
(NULL,2,'新科沃兹时尚中级家轿','就这一抹红让你过目不忘',79900,'三电系统质保','霞光红','科沃兹','欣享版','15吋八辐铝合金运动轮毂','2020-6-09',900,0);
INSERT INTO car_laptop VALUES
(NULL,3,'比亚迪王朝系列 比亚迪汉 2020款EV四驱高性能版旗舰型 红色(纯电动494马力电动机，最大扭矩680，电动机最大马力494，电动机总功率363，电动机总扭矩680，电池充电时间：快充0.42小时
4门6座三厢车)','2020焕新季，领券买新车！神券满60000减600！炭纤维车身，安全可靠，长达700公里续航',279800,'*保质3万公里 *24小时随时开车 *12小时随时试车',
'红色车身/纯电动494马力电动机/最大扭矩680/700公里续航','比亚迪汉 2020款EV四驱高性能版旗舰型','比亚迪王朝系列','暂无详细说明',150123456789,10900,1);
INSERT INTO car_laptop VALUES
(NULL,4,'玛莎拉蒂总裁','2019款 杰尼亚奢享限量版',1595800,'我厂提供的产品严格按照国家发改委公告要求进行生产的,所提供的产品完全符合国家标准.保证期内产品如由于工艺或材料的缺陷而产生的故障,我公司免费维修,不能维修予以更换.产品销售后底盘部分用户可凭《质量保修卡》到玛莎拉蒂公司驻全国各地服务中心就近保修,发动机十万公里,整车五万公里改装部分保修一年,改装易损件保修半年,一年内免费维修,免收全部服务费,零件费超过一年只收取配件费.产品出现故障即可相应1000公里以内二十四小时内到达,1000公里以外48小时内到达','白色','总裁.2019款-杰尼亚奢享限量版','汽车','玛莎拉蒂总裁庞大的车身显得游刃有余，转向来得非常快，没有开一辆非常大车的感觉,其中轻量化的设计占着举足轻重的分量。车内多媒体系统,可以说已涵盖当前最主流的汽车座舱多媒体系统,包括整合丰富的行车电脑、内藏30GB的硬盘容量以及卫星导航图与MP3数字音源播放.现代化的设计,宽敞而舒适的座舱,优雅的轮廓，都是按照最杰出的意大利工艺传统、采用最优质的材料打造而成.
','2019.05.01',5,0);
INSERT INTO car_laptop VALUES
(NULL,4,'玛莎拉蒂levante','2020款玛莎拉蒂3.0T豪华版Levante',1060800,
'我厂提供的产品严格按照国家发改委公告要求进行生产的,所提供的产品完全符合国家标准.保证期内产品如由于工艺或材料的缺陷而产生的故障,我公司免费维修,不能维修予以更换.产品销售后底盘部分用户可凭《质量保修卡》到玛莎拉蒂公司驻全国各地服务中心就近保修,发动机十万公里,整车五万公里改装部分保修一年,改装易损件保修半年,一年内免费维修,免收全部服务费,零件费超过一年只收取配件费.产品出现故障即可相应1000公里以内二十四小时内到达,1000公里以外48小时内到达','白色','2020款玛莎拉蒂3.0T豪华版Levante','汽车','新款莱万特前灯组造型视觉效果非常锋利,前保险杠下部计划有摆布领悟式的进气口,进一步彰显了其活动化的气势派头。车辆前脸,可以看到玛莎拉蒂的家族化进气格栅以及分体式的大灯.','2020.08.30',2,1);
INSERT INTO car_laptop VALUES
(NULL,4,'玛莎拉蒂.Grancabrio','GranCabrio 2015款 4.7L MC 百年纪念版',3028000,'我厂提供的产品严格按照国家发改委公告要求进行生产的,所提供的产品完全符合国家标准.保证期内产品如由于工艺或材料的缺陷而产生的故障,我公司免费维修,不能维修予以更换.产品销售后底盘部分用户可凭《质量保修卡》到玛莎拉蒂公司驻全国各地服务中心就近保修,发动机十万公里,整车五万公里改装部分保修一年,改装易损件保修半年,一年内免费维修,免收全部服务费,零件费超过一年只收取配件费.产品出现故障即可相应1000公里以内二十四小时内到达,1000公里以外48小时内到达','红色','GranCabrio 2015款 4.7L MC 百年纪念版','敞篷车','内饰：中控简洁大方 ，新车没什么异味，这方面比同价位其他车做到位。加木纹装饰感觉很上档次。同价位车里算是比较中上等水平！
空间：空间不用说舒适，大，宽阔，ES真没买错。配置：平时用到的配置就是那么几样，这车还是可以满足我的需求的。动力：起步平稳，加速线型。不适合激烈驾驶。高速120以上给油还是有力的。操控：操控各方面都很好，就像小车一样开。并且长时间开车不容易疲劳驾驶。油耗：油耗在意料之中。相信后面还能降降，主要跟路况和驾驶风格有关舒适：座椅，头枕的软度还是很不错的！要是座椅的坐垫长度再加长那么一点点就更好了','2015.03.16',24,1);

INSERt INTO car_family VALUES('1','梅赛德斯');
INSERt INTO car_family VALUES('2','雪佛兰');
INSERt INTO car_family VALUES('3','比亚迪');
INSERt INTO car_family VALUES('4','玛莎拉蒂');


INSERT INTO car_user VALUES
(NULL, 'dingding', '123456', 'ding@qq.com', '13501234567', 'img/avatar/default.png', '丁伟', '1'),
(NULL, 'dangdang', '123456', 'dang@qq.com', '13501234568', 'img/avatar/default.png', '林当', '1'),
(NULL, 'doudou', '123456', 'dou@qq.com', '13501234569', 'img/avatar/default.png', '窦志强', '1'),
(NULL, 'yaya', '123456', 'ya@qq.com', '13501234560', 'img/avatar/default.png', '秦小雅', '0');